id,name,description,unit_price,merchant_id,created_at,updated_at
263399953,Moyenne toile,Acrylique sur toile et collage.,3000,12334395,2016-01-11 11:46:06 UTC,1980-11-23 09:11:30 UTC
263400305,Magnifique toile Street Art/Modern Art - Nike Air Max,"Magnifique toile Street Art 50x100cm réalisée avec peinture acrylique, peinture 3D, collage mosaïque, feutre Posca.",40000,12334401,2016-01-11 11:44:13 UTC,1990-10-06 04:14:15 UTC
263406193,Shimmering Peacock,"This decorative lighted wine bottle with 50 lights will brighten up your home, bar area and even act as a night light. Use your imagination! It would be a great conversation piece, a thoughtful gift, or an inspirational piece. This is a unique, one of a kind beautifully handcrafted wine bottle -- ready to display and enjoy. The individual design is the work of one artist and is inspired from the artist’s lakeside retreat.",4500,12334703,2016-01-11 16:19:54 UTC,1973-04-25 05:41:41 UTC
263407971,Adidas K.H. Förster Fußballschuh,Adidas K.H. Förster mit der Tausendfüssler-Sohle. Hergestellt ab dem Jahr 1983.,7500,12334123,2016-01-11 13:49:39 UTC,1975-08-19 17:07:57 UTC
263407685,Barre Harder,"I have sizes S, M, and L",2199,12334795,2016-01-11 13:50:22 UTC,2008-11-07 03:26:02 UTC
263407703,Etsy SEO analysis,Etsy shop SEO.,2600,12334817,2016-01-11 13:47:17 UTC,2001-11-05 17:30:14 UTC
263409279,Adidas FX 10 Fußballschuh,Adidas FX 10 mit der FX Stollentechnologie. Hergestellt ab dem Jahr 1987.,5000,12334123,2016-01-11 14:06:41 UTC,2008-04-13 23:11:10 UTC
263409419,Adidas FX 100 Fußballschuh,Adidas FX 100 mit der FX Stollentechnologie. Hergestellt ab dem Jahr 1987.,10000,12334123,2016-01-11 14:08:11 UTC,1975-02-11 14:31:06 UTC
263409477,Adidas Penarol Fußballschuh,Adidas Penarol mit Schraubstollen inkl. der Originalverpackung. Hergestellt ab dem Jahr 1987.,15000,12334123,2016-01-11 14:08:56 UTC,1970-02-17 22:40:35 UTC
263416733,Artsy Pilgrim Monument Interior framed 4x6,"Framed 4x6 Interior shot of the famed Pilgrim Monument in Provincetown, MA.  Unique colors due to half the lights inside being swapped out for LEDs at them time.  Unlikely to occur again as all the bulbs have now been swapped.  Photo comes matted and framed.",2500,12335115,2016-01-11 15:39:40 UTC,1979-08-06 17:57:32 UTC
263417331,Personalized Wine Glasses,"Personalized wine glasses. $12 each. These are bigger in size 18 oz wine glasses. Your choice of initals or name. Please when ordering include two colors you would like to use. You may also chose fancy, cursive, or print as font. I have several, just send me a message and we can figure it out after you purchase!",1200,12334326,2016-01-11 16:27:50 UTC,1983-07-05 09:08:33 UTC
263417431,Winter crochet hats - minions and flowers,Crochet winter hats. Boys and girls varieties.  Many different minion types or flower varieties. More to come.,2500,12334843,2016-01-11 15:32:57 UTC,1973-06-19 14:14:09 UTC
263542412,Keychain,Polkadot ribbon wristlet  keychain,500,12335329,2016-01-11 18:26:29 UTC,2008-09-17 04:07:09 UTC
263542482,Woodsy Sh!tz Spr!tz,Perfect purse size spritz for those embarrassing moments when you have to poo at home or out and about.,650,12335947,2016-01-11 18:18:03 UTC,1997-08-01 05:41:39 UTC
263542514,Ruffled Lace Warm Blue Reverible Corduroy/ Faux Fur Winter Beethoven 70&#39;s style Jacket Size L/XL,This upcycled vintage jacket features antique lace styled sleeves and trim. Enjoy warm pockets with the wind protection of corduroy and the warmth of faux fur.,12500,12335387,2016-01-11 18:18:14 UTC,2008-04-28 12:04:28 UTC
